{
  "adults": [
    {
      "name": "Alan",
      "temperament": "typical",
      "rearing": "warm_firm",
      "role": "adult",
      "seed": 20260706,
      "brain": {
        "SEEKING": [
          0.677209,
          0.998333
        ],
        "CARE": [
          0.563503,
          0.185723
        ],
        "PLAY": [
          0.504179,
          0.499965
        ],
        "LUST": [
          0.440026,
          0.221063
        ],
        "FEAR": [
          0.668158,
          0.392336
        ],
        "RAGE": [
          0.530339,
          0.377882
        ],
        "PANIC": [
          0.521917,
          0.264866
        ]
      },
      "dominant": "SEEKING",
      "profile": {
        "SEEKING": 0.33954978803788377,
        "CARE": 0.06316749649457164,
        "PLAY": 0.17004629572163676,
        "LUST": 0.07518716489808387,
        "FEAR": 0.13344001799243174,
        "RAGE": 0.1285240063827071,
        "PANIC": 0.09008523047268506
      }
    },
    {
      "name": "Bea",
      "temperament": "typical",
      "rearing": "ordinary",
      "role": "adult",
      "seed": 20260807,
      "brain": {
        "SEEKING": [
          0.851482,
          0.998333
        ],
        "CARE": [
          0.51666,
          0.269163
        ],
        "PLAY": [
          0.344779,
          0.295649
        ],
        "LUST": [
          0.137104,
          0.160102
        ],
        "FEAR": [
          0.785754,
          0.227296
        ],
        "RAGE": [
          0.545045,
          0.295024
        ],
        "PANIC": [
          0.527969,
          0.335759
        ]
      },
      "dominant": "SEEKING",
      "profile": {
        "SEEKING": 0.38675220141170336,
        "CARE": 0.10427329479815328,
        "PLAY": 0.11453368739146064,
        "LUST": 0.06202301199136422,
        "FEAR": 0.08805392304572196,
        "RAGE": 0.11429162901055055,
        "PANIC": 0.130072252351046
      }
    },
    {
      "name": "Cora",
      "temperament": "typical",
      "rearing": "harsh",
      "role": "adult",
      "seed": 20260908,
      "brain": {
        "SEEKING": [
          0.604035,
          0.996667
        ],
        "CARE": [
          0.697836,
          0.390633
        ],
        "PLAY": [
          0.486272,
          0.555427
        ],
        "LUST": [
          0.090302,
          0.143469
        ],
        "FEAR": [
          0.653746,
          0.222138
        ],
        "RAGE": [
          0.7085,
          0.337464
        ],
        "PANIC": [
          0.542572,
          0.359699
        ]
      },
      "dominant": "SEEKING",
      "profile": {
        "SEEKING": 0.3316145278901374,
        "CARE": 0.12997274488330343,
        "PLAY": 0.1848038330405546,
        "LUST": 0.04773559608724844,
        "FEAR": 0.07391065691561734,
        "RAGE": 0.11228226725369736,
        "PANIC": 0.11968037392944143
      }
    },
    {
      "name": "Dev",
      "temperament": "fearless",
      "rearing": "warm_firm",
      "role": "adult",
      "seed": 20261009,
      "brain": {
        "SEEKING": [
          0.649816,
          0.947289
        ],
        "CARE": [
          0.492944,
          0.140088
        ],
        "PLAY": [
          0.691684,
          0.998333
        ],
        "LUST": [
          0.227413,
          0.088326
        ],
        "FEAR": [
          0.328099,
          0.142163
        ],
        "RAGE": [
          0.400572,
          0.333919
        ],
        "PANIC": [
          0.479029,
          0.116489
        ]
      },
      "dominant": "PLAY",
      "profile": {
        "SEEKING": 0.34240109742882524,
        "CARE": 0.05063533264665035,
        "PLAY": 0.3608511615239873,
        "LUST": 0.031925594507848085,
        "FEAR": 0.05138521121315469,
        "RAGE": 0.12069611189495653,
        "PANIC": 0.04210549078457769
      }
    },
    {
      "name": "Esme",
      "temperament": "fearless",
      "rearing": "ordinary",
      "role": "adult",
      "seed": 20261110,
      "brain": {
        "SEEKING": [
          0.751792,
          1.0
        ],
        "CARE": [
          0.577685,
          0.119117
        ],
        "PLAY": [
          0.479468,
          0.277635
        ],
        "LUST": [
          0.556847,
          0.186208
        ],
        "FEAR": [
          0.317863,
          0.192436
        ],
        "RAGE": [
          0.4423,
          0.323274
        ],
        "PANIC": [
          0.582023,
          0.196246
        ]
      },
      "dominant": "SEEKING",
      "profile": {
        "SEEKING": 0.4357458743048124,
        "CARE": 0.0519047384278274,
        "PLAY": 0.1209783024168276,
        "LUST": 0.0811391559063599,
        "FEAR": 0.0838531594640399,
        "RAGE": 0.14086535289035884,
        "PANIC": 0.0855134165897739
      }
    },
    {
      "name": "Finn",
      "temperament": "fearless",
      "rearing": "harsh",
      "role": "adult",
      "seed": 20261211,
      "brain": {
        "SEEKING": [
          0.710216,
          0.998333
        ],
        "CARE": [
          0.410715,
          0.266307
        ],
        "PLAY": [
          0.263919,
          0.31976
        ],
        "LUST": [
          0.547746,
          0.227448
        ],
        "FEAR": [
          0.328527,
          0.208745
        ],
        "RAGE": [
          0.608531,
          0.417597
        ],
        "PANIC": [
          0.612916,
          0.202206
        ]
      },
      "dominant": "SEEKING",
      "profile": {
        "SEEKING": 0.37809991934340287,
        "CARE": 0.10085861589343285,
        "PLAY": 0.12110301985100264,
        "LUST": 0.08614146718172172,
        "FEAR": 0.07905835482795436,
        "RAGE": 0.15815684418902332,
        "PANIC": 0.0765817787134624
      }
    },
    {
      "name": "Greta",
      "temperament": "fearless_calculating",
      "rearing": "warm_firm",
      "role": "adult",
      "seed": 20261312,
      "brain": {
        "SEEKING": [
          0.722356,
          1.0
        ],
        "CARE": [
          0.518651,
          0.07945
        ],
        "PLAY": [
          0.719668,
          0.998333
        ],
        "LUST": [
          0.399966,
          0.207962
        ],
        "FEAR": [
          0.322049,
          0.175338
        ],
        "RAGE": [
          0.468047,
          0.375515
        ],
        "PANIC": [
          0.41431,
          0.145538
        ]
      },
      "dominant": "SEEKING",
      "profile": {
        "SEEKING": 0.33533009876467046,
        "CARE": 0.02664203662528984,
        "PLAY": 0.3347712152667293,
        "LUST": 0.0697360455550331,
        "FEAR": 0.05879594138169558,
        "RAGE": 0.12592149614650255,
        "PANIC": 0.04880316626007912
      }
    },
    {
      "name": "Hugo",
      "temperament": "fearless_calculating",
      "rearing": "ordinary",
      "role": "adult",
      "seed": 20261413,
      "brain": {
        "SEEKING": [
          0.732282,
          1.0
        ],
        "CARE": [
          0.60481,
          0.378973
        ],
        "PLAY": [
          0.484797,
          0.373606
        ],
        "LUST": [
          0.518184,
          0.099147
        ],
        "FEAR": [
          0.476001,
          0.183819
        ],
        "RAGE": [
          0.519658,
          0.475245
        ],
        "PANIC": [
          0.544921,
          0.26589
        ]
      },
      "dominant": "SEEKING",
      "profile": {
        "SEEKING": 0.3601424401374504,
        "CARE": 0.13648418413595062,
        "PLAY": 0.13455119917240316,
        "LUST": 0.03570702304899368,
        "FEAR": 0.06620109527588097,
        "RAGE": 0.17115594933574368,
        "PANIC": 0.09575810889357772
      }
    },
    {
      "name": "Iris",
      "temperament": "fearless_calculating",
      "rearing": "harsh",
      "role": "adult",
      "seed": 20261514,
      "brain": {
        "SEEKING": [
          0.893713,
          0.998333
        ],